,num,result
0,0.0,0.0
1,1.0,9.324480947154584
2,2.0,9.324480952154584
3,3.0,9.495862437918078
4,4.0,9.618122779984075
5,5.0,9.713234340025535
6,6.0,9.791089363027991
7,7.0,9.856997992096622
8,8.0,9.91414316277033
9,9.0,9.96458405497312
10,10.0,10.009729806012093
11,11.0,10.009729806012093
12,12.0,10.009729806012093
13,13.0,10.009729806012093
14,14.0,10.009729806012093
15,15.0,10.009729806012093
16,16.0,10.009729806012093
17,17.0,10.009729806012093
18,18.0,10.009729806012093
19,19.0,10.009729806012093
20,20.0,10.009729806512093
21,21.0,10.030687889748718
22,22.0,10.030687890203263
23,23.0,10.049786008079392
24,24.0,10.06807269946502
25,25.0,10.085614113238387
26,26.0,10.10246862539379
27,27.0,10.118688011022265
28,28.0,10.134318403386455
29,29.0,10.149401085048963
30,30.0,10.163973144850067
31,31.0,10.178068027068916
32,32.0,10.178068027381416
33,33.0,10.191296553284069
34,34.0,10.204130651172914
35,35.0,10.216593162688849
36,36.0,10.228705000614864
37,37.0,10.240485360765264
38,38.0,10.251951904554973
39,39.0,10.263120918482274
40,40.0,10.274007453190958
41,41.0,10.284625445148102
42,42.0,10.284625445386197
43,43.0,10.294744231073736
44,44.0,10.30463061284952
45,45.0,10.314295026573172
46,46.0,10.323747221060145
47,47.0,10.332996316542484
48,48.0,10.34205085781587
49,49.0,10.350918861203583
50,50.0,10.35960785792443
51,51.0,10.36812493156215
52,52.0,10.368124931754458
53,53.0,10.376317793886031
54,54.0,10.38435763338756
55,55.0,10.392250062351279
56,56.0,10.400000388851026
57,57.0,10.407613639529691
58,58.0,10.415094579037438
59,59.0,10.422447727806826
60,60.0,10.429677378405234
61,61.0,10.43678761071145
62,62.0,10.43678761087274
63,63.0,10.443670463950342
64,64.0,10.450444995156085
65,65.0,10.457114561287565
66,66.0,10.463682365421143
67,67.0,10.4701514662269
68,68.0,10.476524786528577
69,69.0,10.48280512126363
70,70.0,10.488995144721025
71,71.0,10.495097417249045
72,72.0,10.495097417387933
73,73.0,10.50103144673649
74,74.0,10.50688478618794
75,75.0,10.512659600558548
76,76.0,10.518357968901888
77,77.0,10.52398188901685
78,78.0,10.529533280990137
79,79.0,10.535013991733294
80,80.0,10.540425798427568
81,81.0,10.545770412029809
82,82.0,10.545770412151759
83,83.0,10.550985524322952
84,84.0,10.556138210982873
85,85.0,10.56122994879591
86,86.0,10.566262163088064
87,87.0,10.571236229421636
88,88.0,10.576153476084633
89,89.0,10.581015186662395
90,90.0,10.585822601858533
91,91.0,10.590576920472252
92,92.0,10.590576920580947
93,93.0,10.595228489311578
94,94.0,10.599830330742643
95,95.0,10.604383496795704
96,96.0,10.608889006475454
97,97.0,10.61334784736532
98,98.0,10.617760975905627
99,99.0,10.622129320015876
100,100.0,10.626453779243684
101,101.0,10.626453779243684
102,102.0,10.626453779243684
103,103.0,10.626453779243684
104,104.0,10.626453779243684
105,105.0,10.626453779243684
106,106.0,10.626453779243684
107,107.0,10.626453779243684
108,108.0,10.626453779243684
109,109.0,10.626453779243684
110,110.0,10.626453779243684
111,111.0,10.626453779243684
112,112.0,10.626453779243684
113,113.0,10.626453779243684
114,114.0,10.626453779243684
115,115.0,10.626453779243684
116,116.0,10.626453779243684
117,117.0,10.626453779243684
118,118.0,10.626453779243684
119,119.0,10.626453779243684
120,120.0,10.626453779243684
121,121.0,10.626453779243684
122,122.0,10.626453779243684
123,123.0,10.626453779243684
124,124.0,10.626453779243684
125,125.0,10.626453779243684
126,126.0,10.626453779243684
127,127.0,10.626453779243684
128,128.0,10.626453779243684
129,129.0,10.626453779243684
130,130.0,10.626453779243684
131,131.0,10.626453779243684
132,132.0,10.626453779243684
133,133.0,10.626453779243684
134,134.0,10.626453779243684
135,135.0,10.626453779243684
136,136.0,10.626453779243684
137,137.0,10.626453779243684
138,138.0,10.626453779243684
139,139.0,10.626453779243684
140,140.0,10.626453779243684
141,141.0,10.626453779243684
142,142.0,10.626453779243684
143,143.0,10.626453779243684
144,144.0,10.626453779243684
145,145.0,10.626453779243684
146,146.0,10.626453779243684
147,147.0,10.626453779243684
148,148.0,10.626453779243684
149,149.0,10.626453779243684
150,150.0,10.626453779243684
151,151.0,10.626453779243684
152,152.0,10.626453779243684
153,153.0,10.626453779243684
154,154.0,10.626453779243684
155,155.0,10.626453779243684
156,156.0,10.626453779243684
157,157.0,10.626453779243684
158,158.0,10.626453779243684
159,159.0,10.626453779243684
160,160.0,10.626453779243684
161,161.0,10.626453779243684
162,162.0,10.626453779243684
163,163.0,10.626453779243684
164,164.0,10.626453779243684
165,165.0,10.626453779243684
166,166.0,10.626453779243684
167,167.0,10.626453779243684
168,168.0,10.626453779243684
169,169.0,10.626453779243684
170,170.0,10.626453779243684
171,171.0,10.626453779243684
172,172.0,10.626453779243684
173,173.0,10.626453779243684
174,174.0,10.626453779243684
175,175.0,10.626453779243684
176,176.0,10.626453779243684
177,177.0,10.626453779243684
178,178.0,10.626453779243684
179,179.0,10.626453779243684
180,180.0,10.626453779243684
181,181.0,10.626453779243684
182,182.0,10.626453779243684
183,183.0,10.626453779243684
184,184.0,10.626453779243684
185,185.0,10.626453779243684
186,186.0,10.626453779243684
187,187.0,10.626453779243684
188,188.0,10.626453779243684
189,189.0,10.626453779243684
190,190.0,10.626453779243684
191,191.0,10.626453779243684
192,192.0,10.626453779243684
193,193.0,10.626453779243684
194,194.0,10.626453779243684
195,195.0,10.626453779243684
196,196.0,10.626453779243684
197,197.0,10.626453779243684
198,198.0,10.626453779243684
199,199.0,10.626453779243684
200,200.0,10.626453779293684
201,201.0,10.628600288942522
202,202.0,10.628600288992027
203,203.0,10.630725603472237
204,204.0,10.632840476258593
205,205.0,10.634945009464762
206,206.0,10.637039303921384
207,207.0,10.639123458630348
208,208.0,10.641197570992132
209,209.0,10.64326173764478
210,210.0,10.645316053614888
211,211.0,10.645316053614888
212,212.0,10.645316053614888
213,213.0,10.645316053614888
214,214.0,10.645316053614888
215,215.0,10.645316053614888
216,216.0,10.645316053614888
217,217.0,10.645316053614888
218,218.0,10.645316053614888
219,219.0,10.645316053614888
220,220.0,10.645316053660343
221,221.0,10.64726790651123
222,222.0,10.647267906556275
223,223.0,10.6492022179459
224,224.0,10.651127876391834
225,225.0,10.653044958930613
226,226.0,10.6549535416385
227,227.0,10.656853699533787
228,228.0,10.658745506551526
229,229.0,10.660629035936772
230,230.0,10.662504359764911
231,231.0,10.664371549226765
232,232.0,10.664371549269868
233,233.0,10.666222679573805
234,234.0,10.668065883346406
235,235.0,10.669901229104482
236,236.0,10.671728782311316
237,237.0,10.673548610688615
238,238.0,10.67536077730906
239,239.0,10.677165346769897
240,240.0,10.678962382617227
241,241.0,10.68075194788288
242,242.0,10.680751947924202
243,243.0,10.682526756819456
244,244.0,10.684294277709059
245,245.0,10.686054570890152
246,246.0,10.68780769486053
247,247.0,10.689553708360323
248,248.0,10.691292668504758
249,249.0,10.693024631978068
250,250.0,10.694749654459155
251,251.0,10.696467791900973
252,252.0,10.696467791940655
253,253.0,10.698172322949961
254,254.0,10.699870131226598
255,255.0,10.701561269465111
256,256.0,10.703245789683075
257,257.0,10.704923743772161
258,258.0,10.706595182343094
259,259.0,10.708260156377158
260,260.0,10.709918715335773
261,261.0,10.711570908532167
262,262.0,10.711570908570335
263,263.0,10.713210515559323
264,264.0,10.714843900987129
265,265.0,10.716471112732993
266,266.0,10.718092196920663
267,267.0,10.719707198077463
268,268.0,10.721316163293384
269,269.0,10.7229191369709
270,270.0,10.724516163610096
271,271.0,10.726107286916331
272,272.0,10.726107286953097
273,273.0,10.727686734054808
274,274.0,10.729260407170184
275,275.0,10.730828348296573
276,276.0,10.73239059926373
277,277.0,10.733947201050324
278,278.0,10.735498194304428
279,279.0,10.737043619291901
280,280.0,10.738583515756705
281,281.0,10.740117923231255
282,282.0,10.740117923266716
283,283.0,10.741641469873214
284,284.0,10.743159643397515
285,285.0,10.744672481753481
286,286.0,10.746180021025355
287,287.0,10.747682299008536
288,288.0,10.749179352670103
289,289.0,10.750671217768259
290,290.0,10.752157930823769
291,291.0,10.753639525678283
292,292.0,10.75363952571253
293,293.0,10.75511099268376
294,294.0,10.75657744686627
295,295.0,10.758038921983907
296,296.0,10.75949545259888
297,297.0,10.76094707085694
298,298.0,10.762393810338486
299,299.0,10.763835704375024
300,300.0,10.765272784406985
301,301.0,10.76670508295213
302,302.0,10.766705082985244
303,303.0,10.768127912889774
304,304.0,10.769546055525659
305,305.0,10.770959541012397
306,306.0,10.772368402045375
307,307.0,10.773772666831272
308,308.0,10.775172365468077
309,309.0,10.776567526932395
310,310.0,10.7779581810269
311,311.0,10.7779581810269
312,312.0,10.7779581810269
313,313.0,10.7779581810269
314,314.0,10.7779581810269
315,315.0,10.7779581810269
316,316.0,10.7779581810269
317,317.0,10.7779581810269
318,318.0,10.7779581810269
319,319.0,10.7779581810269
320,320.0,10.77795818105815
321,321.0,10.779301112914734
322,322.0,10.77930111294579
323,323.0,10.780635717655699
324,324.0,10.781966196953432
325,325.0,10.783292577029949
326,326.0,10.784614882070892
327,327.0,10.785933137819276
328,328.0,10.787247368782783
329,329.0,10.788557599992254
330,330.0,10.789863854912173
331,331.0,10.791166158443268
332,332.0,10.791166158473388
333,333.0,10.792460629589065
334,334.0,10.793751220515722
335,335.0,10.795037951534962
336,336.0,10.796320848347907
337,337.0,10.797599932069705
338,338.0,10.7988752291336
339,339.0,10.800146757957789
340,340.0,10.801414542093827
341,341.0,10.802678603042576
342,342.0,10.802678603071817
343,343.0,10.803935284077738
344,344.0,10.805188306545764
345,345.0,10.806437692899017
346,346.0,10.807683463338758
347,347.0,10.808925639332182
348,348.0,10.810164240635535
349,349.0,10.811399288185463
350,350.0,10.812630802418036
351,351.0,10.813858803916109
352,352.0,10.813858803944518
353,353.0,10.815079839320944
354,354.0,10.816297420228178
355,355.0,10.817511566539341
356,356.0,10.818722298502053
357,357.0,10.819929634370098
358,358.0,10.821133594172553
359,359.0,10.822334196022053
360,360.0,10.82353145872572
361,361.0,10.824725399628363
362,362.0,10.824725399655987
363,363.0,10.825912754588197
364,364.0,10.827096843410413
365,365.0,10.828277684384693
366,366.0,10.829455294263033
367,367.0,10.830629691577027
368,368.0,10.83180089444147
369,369.0,10.832968918422283
370,370.0,10.83413378202601
371,371.0,10.835295501739594
372,372.0,10.835295501766476
373,373.0,10.83645098616877
374,374.0,10.83760337426721
375,375.0,10.838752688401465
376,376.0,10.839898942388693
377,377.0,10.841042150147207
378,378.0,10.842182330315811
379,379.0,10.843319498779094
380,380.0,10.844453671417178
381,381.0,10.845584863463461
382,382.0,10.84558486348964
383,383.0,10.846710141463094
384,384.0,10.847832485702364
385,385.0,10.848951911078371
386,386.0,10.850068433059581
387,387.0,10.851182066686967
388,388.0,10.852292826206355
389,389.0,10.853400727284884
390,390.0,10.854505784166374
391,391.0,10.85560801126054
392,392.0,10.85560801128605
393,393.0,10.856704623433963
394,394.0,10.857798448084319
395,395.0,10.858889500951248
396,396.0,10.859977795438866
397,397.0,10.86106334571181
398,398.0,10.862146165501454
399,399.0,10.863226266951582
400,400.0,10.864303666537529
401,401.0,10.865378375199969
402,402.0,10.865378375224845
403,403.0,10.866447745013451
404,404.0,10.867514465043884
405,405.0,10.868578546888882
406,406.0,10.869640005751029
407,407.0,10.87069885421174
408,408.0,10.871755104187931
409,409.0,10.872808769060192
410,410.0,10.87385986082544
411,411.0,10.87385986082544
412,412.0,10.87385986082544
413,413.0,10.87385986082544
414,414.0,10.87385986082544
415,415.0,10.87385986082544
416,416.0,10.87385986082544
417,417.0,10.87385986082544
418,418.0,10.87385986082544
419,419.0,10.87385986082544
420,420.0,10.873859860849251
421,421.0,10.87488345909744
422,422.0,10.874883459121136
423,423.0,10.8759022132318
424,424.0,10.876918561003254
425,425.0,10.877932514796596
426,426.0,10.87894408611641
427,427.0,10.879953285501966
428,428.0,10.88096012433592
429,429.0,10.881964615581301
430,430.0,10.882966765881827
431,431.0,10.883966591572555
432,432.0,10.883966591595703
433,433.0,10.884961790006036
434,434.0,10.885954692703589
435,435.0,10.886945311663561
436,436.0,10.887933658089386
437,437.0,10.888919740540342
438,438.0,10.889903568613935
439,439.0,10.89088515306029
440,440.0,10.891864504813155
441,441.0,10.892841633348388
442,442.0,10.892841633371011
443,443.0,10.893814346039951
444,444.0,10.894784865848992
445,445.0,10.895753202372807
446,446.0,10.896719365188346
447,447.0,10.897683364572297
448,448.0,10.898645209962911
449,449.0,10.899604911118288
450,450.0,10.900562477612112
451,451.0,10.901517918205538
452,452.0,10.901517918227663
453,453.0,10.902469136521473
454,454.0,10.903418257466303
455,455.0,10.904365290858543
456,456.0,10.9053102445431
457,457.0,10.906253128684524
458,458.0,10.907193952175348
459,459.0,10.908132723386284
460,460.0,10.909069451896482
461,461.0,10.910004146987283
462,462.0,10.910004147008928
463,463.0,10.91093480047982
464,464.0,10.911863446289578
465,465.0,10.912790092832592
466,466.0,10.913714748710095
467,467.0,10.91463742279317
468,468.0,10.915558123011282
469,469.0,10.916476859090482
470,470.0,10.917393638235449
471,471.0,10.918308468813146
472,472.0,10.918308468834333
473,473.0,10.91921942854616
474,474.0,10.920128463309231
475,475.0,10.921035581185329
476,476.0,10.921940792283223
477,477.0,10.922844105414613
478,478.0,10.923745526094626
479,479.0,10.924645062844395
480,480.0,10.925542724116742
481,481.0,10.926438517050771
482,482.0,10.926438517071517
483,483.0,10.927330597496422
484,484.0,10.928220832464705
485,485.0,10.929109230369322
486,486.0,10.929995798800839
487,487.0,10.930880545085596
488,488.0,10.931763476492959
489,489.0,10.93264460156141
490,490.0,10.933523925628778
491,491.0,10.934401458549358
492,492.0,10.934401458569683
493,493.0,10.935275426925072
494,494.0,10.936147624894826
495,495.0,10.93701805944812
496,496.0,10.937886737434267
497,497.0,10.938753666059364
498,498.0,10.939618851652641
499,499.0,10.940482302243607
500,500.0,10.941344024222492
501,501.0,10.942204024270573
502,502.0,10.942204024290493
503,503.0,10.943060601823865
504,504.0,10.943915478699548
505,505.0,10.944768661500449
506,506.0,10.945620156443464
507,507.0,10.946469970175917
508,508.0,10.94731810910754
509,509.0,10.948164580780686
510,510.0,10.949009390843813
511,511.0,10.949009390843813
512,512.0,10.949009390843813
513,513.0,10.949009390843813
514,514.0,10.949009390843813
515,515.0,10.949009390843813
516,516.0,10.949009390843813
517,517.0,10.949009390843813
518,518.0,10.949009390843813
519,519.0,10.949009390843813
520,520.0,10.949009390863043
521,521.0,10.94983634953999
522,522.0,10.949836349559146
523,523.0,10.950660140822022
524,524.0,10.951482361750573
525,525.0,10.952303011604664
526,526.0,10.953122104219373
527,527.0,10.953939638459776
528,528.0,10.954755620927347
529,529.0,10.955570061042037
530,530.0,10.956382967004814
531,531.0,10.957194341638175
532,532.0,10.957194341656972
533,533.0,10.958002664496448
534,534.0,10.958809470883322
535,535.0,10.959614770268697
536,536.0,10.960418567744213
537,537.0,10.96122086340775
538,538.0,10.962021670000828
539,539.0,10.962820986800667
540,540.0,10.96361882367642
541,541.0,10.964415184875307
542,542.0,10.964415184893758
543,543.0,10.965208609310913
544,544.0,10.966000574389813
545,545.0,10.966791085041994
546,546.0,10.967580146881991
547,547.0,10.968367765154893
548,548.0,10.969153944920835
549,549.0,10.96993869124405
550,550.0,10.970722009772562
551,551.0,10.971503905511806
552,552.0,10.971503905529921
553,553.0,10.972282971378409
554,554.0,10.973060629541632
555,555.0,10.973836884670698
556,556.0,10.974611743030623
557,557.0,10.975385208981171
558,558.0,10.976157287970063
559,559.0,10.976927984844643
560,560.0,10.977697304269668
561,561.0,10.978465251457354
562,562.0,10.978465251475148
563,563.0,10.979230467432929
564,564.0,10.979994325930797
565,565.0,10.980756831375226
566,566.0,10.981517988731852
567,567.0,10.98227780235548
568,568.0,10.983036276918815
569,569.0,10.983793417631729
570,570.0,10.984549229539818
571,571.0,10.985303716410485
572,572.0,10.985303716427968
573,573.0,10.986055567690785
574,574.0,10.986806108483234
575,575.0,10.987555342472652
576,576.0,10.988303274770221
577,577.0,10.98904991010038
578,578.0,10.989795252547129
579,579.0,10.99053930616786
580,580.0,10.991282075519994
581,581.0,10.99202356717787
582,582.0,10.992023567195053
583,583.0,10.992762512004719
584,584.0,10.993500190856539
585,585.0,10.994236607502614
586,586.0,10.994971766568398
587,587.0,10.995705671767576
588,588.0,10.996438328248486
589,589.0,10.997169739916504
590,590.0,10.997899910694015
591,591.0,10.99862884495389
592,592.0,10.998628844970781
593,593.0,10.999355319105257
594,594.0,11.000080569333422
595,595.0,11.000804599982668
596,596.0,11.001527414935909
597,597.0,11.002249017525909
598,598.0,11.00296941236415
599,599.0,11.003688603834538
600,600.0,11.004406596816814
601,601.0,11.005123392726812
602,602.0,11.005123392743423
603,603.0,11.005837810243223
604,604.0,11.00655104387142
605,605.0,11.007263098098926
606,606.0,11.007973976472803
607,607.0,11.008683681383594
608,608.0,11.009392219765544
609,609.0,11.010099593413736
610,610.0,11.010805805843304
611,611.0,11.010805805843304
612,612.0,11.010805805843304
613,613.0,11.010805805843304
614,614.0,11.010805805843304
615,615.0,11.010805805843304
616,616.0,11.010805805843304
617,617.0,11.010805805843304
618,618.0,11.010805805843304
619,619.0,11.010805805843304
620,620.0,11.010805805859434
621,621.0,11.011499500595763
622,622.0,11.01149950061184
623,623.0,11.012190966058304
624,624.0,11.012881322957927
625,625.0,11.013570574442655
626,626.0,11.014258723884847
627,627.0,11.014945775836614
628,628.0,11.015631731788144
629,629.0,11.016316596862008
630,630.0,11.017000374765443
631,631.0,11.017683067899437
632,632.0,11.017683067915259
633,633.0,11.01836360161519
634,634.0,11.01904306105936
635,635.0,11.019721449723834
636,636.0,11.020398771007393
637,637.0,11.021075028927317
638,638.0,11.021750225420394
639,639.0,11.022424365287115
640,640.0,11.02309745118218
641,641.0,11.023769486018104
642,642.0,11.02376948603368
643,643.0,11.024439428941912
644,644.0,11.025108331334353
645,645.0,11.025776195128529
646,646.0,11.02644302480994
647,647.0,11.027108822957484
648,648.0,11.0277735936024
649,649.0,11.0284373373454
650,650.0,11.02910005969639
651,651.0,11.029761763886127
652,652.0,11.029761763901464
653,653.0,11.030421440115871
654,654.0,11.031080106885675
655,655.0,11.031737768058955
656,656.0,11.032394425829718
657,657.0,11.033050083435736
658,658.0,11.03370474360771
659,659.0,11.034358409641662
660,660.0,11.035011084544706
661,661.0,11.035662771317753
662,662.0,11.03566277133286
663,663.0,11.036312491191646
664,664.0,11.036961231333708
665,665.0,11.037608995594699
666,666.0,11.038255786224383
667,667.0,11.038901607159625
668,668.0,11.039546460109689
669,669.0,11.04019034858395
670,670.0,11.040833275354524
671,671.0,11.041475243057869
672,672.0,11.04147524307275
673,673.0,11.042115301585586
674,674.0,11.042754410761155
675,675.0,11.04339257170582
676,676.0,11.04402978796122
677,677.0,11.044666063088837
678,678.0,11.045301398347414
679,679.0,11.045935797360377
680,680.0,11.046569262680315
681,681.0,11.04720179817104
682,682.0,11.047201798185702
683,683.0,11.047832479227575
684,684.0,11.048462238013503
685,685.0,11.049091077002547
686,686.0,11.049718998750523
687,687.0,11.050346005627548
688,688.0,11.050972100645572
689,689.0,11.051597286325318
690,690.0,11.052221565112049
691,691.0,11.052844940237152
692,692.0,11.052844940251603
693,693.0,11.053466514901615
694,694.0,11.054087192998896
695,695.0,11.054706978165362
696,696.0,11.055325872126122
697,697.0,11.05594387685187
698,698.0,11.056560995781384
699,699.0,11.057177231196855
700,700.0,11.057792586463057
701,701.0,11.058407062722338
702,702.0,11.058407062736583
703,703.0,11.059019789683664
704,704.0,11.059631645946176
705,705.0,11.060242633563899
706,706.0,11.060852755174965
707,707.0,11.061462013489475
708,708.0,11.062070410709655
709,709.0,11.062677949114516
710,710.0,11.06328463124625
711,711.0,11.06328463124625
712,712.0,11.06328463124625
713,713.0,11.06328463124625
714,714.0,11.06328463124625
715,715.0,11.06328463124625
716,716.0,11.06328463124625
717,717.0,11.06328463124625
718,718.0,11.06328463124625
719,719.0,11.06328463124625
720,720.0,11.063284631260139
721,721.0,11.063882051643082
722,722.0,11.063882051656933
723,723.0,11.064477818773385
724,724.0,11.065072761824636
725,725.0,11.065666883909156
726,726.0,11.066260188181552
727,727.0,11.066852675252989
728,728.0,11.067444347022208
729,729.0,11.06803520833653
730,730.0,11.06862525747319
731,731.0,11.069214500789213
732,732.0,11.069214500802875
733,733.0,11.069802135427782
734,734.0,11.070388966747657
735,735.0,11.070975001952457
736,736.0,11.071560237788255
737,737.0,11.072144682154855
738,738.0,11.07272833236329
739,739.0,11.073311190377412
740,740.0,11.073893264401375
741,741.0,11.074474550799195
742,742.0,11.074474550812672
743,743.0,11.075054268422804
744,744.0,11.07563321104462
745,745.0,11.07621137603466
746,746.0,11.076788764435877
747,747.0,11.077365378639179
748,748.0,11.077941220894916
749,749.0,11.078516293059481
750,750.0,11.07909059823441
751,751.0,11.079664138199872
752,752.0,11.07966413821317
753,753.0,11.080236154161764
754,754.0,11.080807411611632
755,755.0,11.081377912994766
756,756.0,11.081947660564929
757,757.0,11.082516655750517
758,758.0,11.0830848951595
759,759.0,11.083652384760583
760,760.0,11.0842191296573
761,761.0,11.084785132093742
762,762.0,11.084785132106866
763,763.0,11.085349645606302
764,764.0,11.085913423474716
765,765.0,11.086476461416126
766,766.0,11.08703876336639
767,767.0,11.087600335452727
768,768.0,11.088161170800216
769,769.0,11.088721281311965
770,770.0,11.089280659179783
771,771.0,11.089839315603516
772,772.0,11.08983931561647
773,773.0,11.090396525892883
774,774.0,11.090953012097977
775,775.0,11.091508781346574
776,776.0,11.092063835425506
777,777.0,11.09261817124237
778,778.0,11.093171796502036
779,779.0,11.093724711687829
780,780.0,11.094276915133069
781,781.0,11.094828411066004
782,782.0,11.094828411078792
783,783.0,11.095378500008433
784,784.0,11.095927885895616
785,785.0,11.096476569891204
786,786.0,11.097024555742209
787,787.0,11.097571845252475
788,788.0,11.09811844019819
789,789.0,11.098664342165206
790,790.0,11.099209552667412
791,791.0,11.099754073475216
792,792.0,11.099754073487842
793,793.0,11.100297220049473
794,794.0,11.100839682201322
795,795.0,11.10138146152863
796,796.0,11.101922559797758
797,797.0,11.10246297876202
798,798.0,11.103002721323946
799,799.0,11.1035417872419
800,800.0,11.104080178247138
801,801.0,11.104617896907154
802,802.0,11.104617896919622
803,803.0,11.105154276516263
804,804.0,11.105689987870427
805,805.0,11.106225033016594
806,806.0,11.106759415036768
807,807.0,11.107293133241376
808,808.0,11.107826190741836
809,809.0,11.108358589810525
810,810.0,11.108890330321163
811,811.0,11.108890330321163
812,812.0,11.108890330321163
813,813.0,11.108890330321163
814,814.0,11.108890330321163
815,815.0,11.108890330321163
816,816.0,11.108890330321163
817,817.0,11.108890330321163
818,818.0,11.108890330321163
819,819.0,11.108890330321163
820,820.0,11.108890330333358
821,821.0,11.109414942734956
822,822.0,11.109414942747122
823,823.0,11.109938279121844
824,824.0,11.110460980462516
825,825.0,11.110983048790517
826,826.0,11.111504483815116
827,827.0,11.112025287962815
828,828.0,11.112545461958977
829,829.0,11.113065009606801
830,830.0,11.113583931193068
831,831.0,11.114102227290019
832,832.0,11.114102227302038
833,833.0,11.11461927808437
834,834.0,11.115135707615519
835,835.0,11.115651519118737
836,836.0,11.116166712982185
837,837.0,11.11668129157273
838,838.0,11.117195256382464
839,839.0,11.117708608162383
840,840.0,11.118221348444038
841,841.0,11.118733478311631
842,842.0,11.118733478323508
843,843.0,11.11924439177175
844,844.0,11.119754699872006
845,845.0,11.120264402803226
846,846.0,11.120773504045088
847,847.0,11.121282004952691
848,848.0,11.121789905966086
849,849.0,11.12229720763344
850,850.0,11.122803911281805
851,851.0,11.123310019182366
852,852.0,11.123310019194102
853,853.0,11.1238149414403
854,854.0,11.124319270390544
855,855.0,11.124823009212713
856,856.0,11.125326161230632
857,857.0,11.125828723899312
858,858.0,11.12633070062696
859,859.0,11.126832094411578
860,860.0,11.12733290312778
861,861.0,11.127833129856969
862,862.0,11.12783312986857
863,863.0,11.128332196093927
864,864.0,11.128830686159159
865,865.0,11.129328598443177
866,866.0,11.12982593736266
867,867.0,11.130322701260662
868,868.0,11.130818893489039
869,869.0,11.13131451269555
870,870.0,11.131809562717091
871,871.0,11.132304042920127
872,872.0,11.132304042931596
873,873.0,11.13279739040278
874,874.0,11.133290173227543
875,875.0,11.133782392913691
876,876.0,11.13427405030525
877,877.0,11.134765146793145
878,878.0,11.135255683669877
879,879.0,11.135745662210827
880,880.0,11.136235083430599
881,881.0,11.13672394940503
882,882.0,11.136723949416368
883,883.0,11.137211707190577
884,884.0,11.137698912610377
885,885.0,11.138185568083362
886,886.0,11.13867167350531
887,887.0,11.13915723001128
888,888.0,11.13964223980083
889,889.0,11.140126703744158
890,890.0,11.140610623644843
891,891.0,11.14109400037595
892,892.0,11.141094000387161
893,893.0,11.141576293327152
894,894.0,11.142058045778484
895,895.0,11.142539259559364
896,896.0,11.143019935592301
897,897.0,11.143500075348546
898,898.0,11.14397967996013
899,899.0,11.14445875088189
900,900.0,11.144937289871185
901,901.0,11.145415297769858
902,902.0,11.145415297780945
903,903.0,11.145892247557072
904,904.0,11.14636867030511
905,905.0,11.146844567127339
906,906.0,11.147319936374503
907,907.0,11.147794781141421
908,908.0,11.14826910100604
909,909.0,11.148742899126804
910,910.0,11.149216177493605
911,911.0,11.149216177493605
912,912.0,11.149216177493605
913,913.0,11.149216177493605
914,914.0,11.149216177493605
915,915.0,11.149216177493605
916,916.0,11.149216177493605
917,917.0,11.149216177493605
918,918.0,11.149216177493605
919,919.0,11.149216177493605
920,920.0,11.149216177504474
921,921.0,11.149683801023157
922,922.0,11.149683801034003
923,923.0,11.150150408484835
924,924.0,11.150616515558372
925,925.0,11.151082114872391
926,926.0,11.151547211111234
927,927.0,11.152011806376567
928,928.0,11.152475899523361
929,929.0,11.152939494604967
930,930.0,11.153402588720484
931,931.0,11.15386518767161
932,932.0,11.153865187682339
933,933.0,11.154326794355944
934,934.0,11.154787904541651
935,935.0,11.155248523196168
936,936.0,11.155708648207453
937,937.0,11.156168281855438
938,938.0,11.156627427325043
939,939.0,11.157086080304369
940,940.0,11.157544248033455
941,941.0,11.158001927137878
942,942.0,11.158001927148494
943,943.0,11.158458637282559
944,944.0,11.158914860434725
945,945.0,11.15937060061421
946,946.0,11.159825861422677
947,947.0,11.16028063969885
948,948.0,11.160734937109403
949,949.0,11.161188756815173
950,950.0,11.161642099313125
951,951.0,11.162094963397635
952,952.0,11.162094963408139
953,953.0,11.162546876980434
954,954.0,11.162998318388166
955,955.0,11.16344928527389
956,956.0,11.163899779199495
957,957.0,11.164349802236956
958,958.0,11.164799355653606
959,959.0,11.165248440671586
960,960.0,11.165697058632299
961,961.0,11.166145209526162
962,962.0,11.166145209536557
963,963.0,11.166592427375337
964,964.0,11.167039181267983
965,965.0,11.167485471151897
966,966.0,11.16793129854637
967,967.0,11.168376664462814
968,968.0,11.168821570533694
969,969.0,11.169266017472614
970,970.0,11.169710005947712
971,971.0,11.170153536368614
972,972.0,11.170153536378903
973,973.0,11.17059615458393
974,974.0,11.171038318594606
975,975.0,11.171480028696745
976,976.0,11.171921286841647
977,977.0,11.172362093930786
978,978.0,11.172802451241216
979,979.0,11.17324235933158
980,980.0,11.173681818758093
981,981.0,11.174120828025433
982,982.0,11.174120828035617
983,983.0,11.17455894083877
984,984.0,11.17499660971168
985,985.0,11.17543383689331
986,986.0,11.1758706209195
987,987.0,11.176306959534811
988,988.0,11.176742853657114
989,989.0,11.177178309424672
990,990.0,11.177613328165215
991,991.0,11.17804790538658
992,992.0,11.17804790539666
993,993.0,11.178481606477483
994,994.0,11.178914873910337
995,995.0,11.179347701064788
996,996.0,11.179780093879387
997,997.0,11.180212057603626
998,998.0,11.180643583489378
999,999.0,11.181074677315609
1000,1000.0,11.181505344418403
1001,1001.0,11.181505344418403
1002,1002.0,11.181505344418403
1003,1003.0,11.181505344418403
1004,1004.0,11.181505344418403
1005,1005.0,11.181505344418403
1006,1006.0,11.181505344418403
1007,1007.0,11.181505344418403
1008,1008.0,11.181505344418403
1009,1009.0,11.181505344418403
1010,1010.0,11.181505344418403
1011,1011.0,11.181505344418403
1012,1012.0,11.181505344418403
1013,1013.0,11.181505344418403
1014,1014.0,11.181505344418403
1015,1015.0,11.181505344418403
1016,1016.0,11.181505344418403
1017,1017.0,11.181505344418403
1018,1018.0,11.181505344418403
1019,1019.0,11.181505344418403
1020,1020.0,11.181505344418403
1021,1021.0,11.181505344418403
1022,1022.0,11.181505344418403
1023,1023.0,11.181505344418403
1024,1024.0,11.181505344418403
1025,1025.0,11.181505344418403
1026,1026.0,11.181505344418403
1027,1027.0,11.181505344418403
1028,1028.0,11.181505344418403
1029,1029.0,11.181505344418403
1030,1030.0,11.181505344418403
1031,1031.0,11.181505344418403
1032,1032.0,11.181505344418403
1033,1033.0,11.181505344418403
1034,1034.0,11.181505344418403
1035,1035.0,11.181505344418403
1036,1036.0,11.181505344418403
1037,1037.0,11.181505344418403
1038,1038.0,11.181505344418403
1039,1039.0,11.181505344418403
1040,1040.0,11.181505344418403
1041,1041.0,11.181505344418403
1042,1042.0,11.181505344418403
1043,1043.0,11.181505344418403
1044,1044.0,11.181505344418403
1045,1045.0,11.181505344418403
1046,1046.0,11.181505344418403
1047,1047.0,11.181505344418403
1048,1048.0,11.181505344418403
1049,1049.0,11.181505344418403
1050,1050.0,11.181505344418403
1051,1051.0,11.181505344418403
1052,1052.0,11.181505344418403
1053,1053.0,11.181505344418403
1054,1054.0,11.181505344418403
1055,1055.0,11.181505344418403
1056,1056.0,11.181505344418403
1057,1057.0,11.181505344418403
1058,1058.0,11.181505344418403
1059,1059.0,11.181505344418403
1060,1060.0,11.181505344418403
1061,1061.0,11.181505344418403
1062,1062.0,11.181505344418403
1063,1063.0,11.181505344418403
1064,1064.0,11.181505344418403
1065,1065.0,11.181505344418403
1066,1066.0,11.181505344418403
1067,1067.0,11.181505344418403
1068,1068.0,11.181505344418403
1069,1069.0,11.181505344418403
1070,1070.0,11.181505344418403
1071,1071.0,11.181505344418403
1072,1072.0,11.181505344418403
1073,1073.0,11.181505344418403
1074,1074.0,11.181505344418403
1075,1075.0,11.181505344418403
1076,1076.0,11.181505344418403
1077,1077.0,11.181505344418403
1078,1078.0,11.181505344418403
1079,1079.0,11.181505344418403
1080,1080.0,11.181505344418403
1081,1081.0,11.181505344418403
1082,1082.0,11.181505344418403
1083,1083.0,11.181505344418403
1084,1084.0,11.181505344418403
1085,1085.0,11.181505344418403
1086,1086.0,11.181505344418403
1087,1087.0,11.181505344418403
1088,1088.0,11.181505344418403
1089,1089.0,11.181505344418403
1090,1090.0,11.181505344418403
1091,1091.0,11.181505344418403
1092,1092.0,11.181505344418403
1093,1093.0,11.181505344418403
1094,1094.0,11.181505344418403
1095,1095.0,11.181505344418403
1096,1096.0,11.181505344418403
1097,1097.0,11.181505344418403
1098,1098.0,11.181505344418403
1099,1099.0,11.181505344418403
1100,1100.0,11.181505344418403
1101,1101.0,11.181505344418403
1102,1102.0,11.181505344418403
1103,1103.0,11.181505344418403
1104,1104.0,11.181505344418403
1105,1105.0,11.181505344418403
1106,1106.0,11.181505344418403
1107,1107.0,11.181505344418403
1108,1108.0,11.181505344418403
1109,1109.0,11.181505344418403
1110,1110.0,11.181505344418403
1111,1111.0,11.181505344418403
1112,1112.0,11.181505344418403
1113,1113.0,11.181505344418403
1114,1114.0,11.181505344418403
1115,1115.0,11.181505344418403
1116,1116.0,11.181505344418403
1117,1117.0,11.181505344418403
1118,1118.0,11.181505344418403
1119,1119.0,11.181505344418403
1120,1120.0,11.181505344418403
1121,1121.0,11.181505344418403
1122,1122.0,11.181505344418403
1123,1123.0,11.181505344418403
1124,1124.0,11.181505344418403
1125,1125.0,11.181505344418403
1126,1126.0,11.181505344418403
1127,1127.0,11.181505344418403
1128,1128.0,11.181505344418403
1129,1129.0,11.181505344418403
1130,1130.0,11.181505344418403
1131,1131.0,11.181505344418403
1132,1132.0,11.181505344418403
1133,1133.0,11.181505344418403
1134,1134.0,11.181505344418403
1135,1135.0,11.181505344418403
1136,1136.0,11.181505344418403
1137,1137.0,11.181505344418403
1138,1138.0,11.181505344418403
1139,1139.0,11.181505344418403
1140,1140.0,11.181505344418403
1141,1141.0,11.181505344418403
1142,1142.0,11.181505344418403
1143,1143.0,11.181505344418403
1144,1144.0,11.181505344418403
1145,1145.0,11.181505344418403
1146,1146.0,11.181505344418403
1147,1147.0,11.181505344418403
1148,1148.0,11.181505344418403
1149,1149.0,11.181505344418403
1150,1150.0,11.181505344418403
1151,1151.0,11.181505344418403
1152,1152.0,11.181505344418403
1153,1153.0,11.181505344418403
1154,1154.0,11.181505344418403
1155,1155.0,11.181505344418403
1156,1156.0,11.181505344418403
1157,1157.0,11.181505344418403
1158,1158.0,11.181505344418403
1159,1159.0,11.181505344418403
1160,1160.0,11.181505344418403
1161,1161.0,11.181505344418403
1162,1162.0,11.181505344418403
1163,1163.0,11.181505344418403
1164,1164.0,11.181505344418403
1165,1165.0,11.181505344418403
1166,1166.0,11.181505344418403
1167,1167.0,11.181505344418403
1168,1168.0,11.181505344418403
1169,1169.0,11.181505344418403
1170,1170.0,11.181505344418403
1171,1171.0,11.181505344418403
1172,1172.0,11.181505344418403
1173,1173.0,11.181505344418403
1174,1174.0,11.181505344418403
1175,1175.0,11.181505344418403
1176,1176.0,11.181505344418403
1177,1177.0,11.181505344418403
1178,1178.0,11.181505344418403
1179,1179.0,11.181505344418403
1180,1180.0,11.181505344418403
1181,1181.0,11.181505344418403
1182,1182.0,11.181505344418403
1183,1183.0,11.181505344418403
1184,1184.0,11.181505344418403
1185,1185.0,11.181505344418403
1186,1186.0,11.181505344418403
1187,1187.0,11.181505344418403
1188,1188.0,11.181505344418403
1189,1189.0,11.181505344418403
1190,1190.0,11.181505344418403
1191,1191.0,11.181505344418403
1192,1192.0,11.181505344418403
1193,1193.0,11.181505344418403
1194,1194.0,11.181505344418403
1195,1195.0,11.181505344418403
1196,1196.0,11.181505344418403
1197,1197.0,11.181505344418403
1198,1198.0,11.181505344418403
1199,1199.0,11.181505344418403
1200,1200.0,11.181505344418403
1201,1201.0,11.181505344418403
1202,1202.0,11.181505344418403
1203,1203.0,11.181505344418403
1204,1204.0,11.181505344418403
1205,1205.0,11.181505344418403
1206,1206.0,11.181505344418403
1207,1207.0,11.181505344418403
1208,1208.0,11.181505344418403
1209,1209.0,11.181505344418403
1210,1210.0,11.181505344418403
1211,1211.0,11.181505344418403
1212,1212.0,11.181505344418403
1213,1213.0,11.181505344418403
1214,1214.0,11.181505344418403
1215,1215.0,11.181505344418403
1216,1216.0,11.181505344418403
1217,1217.0,11.181505344418403
1218,1218.0,11.181505344418403
1219,1219.0,11.181505344418403
1220,1220.0,11.181505344418403
1221,1221.0,11.181505344418403
1222,1222.0,11.181505344418403
1223,1223.0,11.181505344418403
1224,1224.0,11.181505344418403
1225,1225.0,11.181505344418403
1226,1226.0,11.181505344418403
1227,1227.0,11.181505344418403
1228,1228.0,11.181505344418403
1229,1229.0,11.181505344418403
1230,1230.0,11.181505344418403
1231,1231.0,11.181505344418403
1232,1232.0,11.181505344418403
1233,1233.0,11.181505344418403
1234,1234.0,11.181505344418403
1235,1235.0,11.181505344418403
1236,1236.0,11.181505344418403
1237,1237.0,11.181505344418403
1238,1238.0,11.181505344418403
1239,1239.0,11.181505344418403
1240,1240.0,11.181505344418403
1241,1241.0,11.181505344418403
1242,1242.0,11.181505344418403
1243,1243.0,11.181505344418403
1244,1244.0,11.181505344418403
1245,1245.0,11.181505344418403
1246,1246.0,11.181505344418403
1247,1247.0,11.181505344418403
1248,1248.0,11.181505344418403
1249,1249.0,11.181505344418403
1250,1250.0,11.181505344418403
1251,1251.0,11.181505344418403
1252,1252.0,11.181505344418403
1253,1253.0,11.181505344418403
1254,1254.0,11.181505344418403
1255,1255.0,11.181505344418403
1256,1256.0,11.181505344418403
1257,1257.0,11.181505344418403
1258,1258.0,11.181505344418403
1259,1259.0,11.181505344418403
1260,1260.0,11.181505344418403
1261,1261.0,11.181505344418403
1262,1262.0,11.181505344418403
1263,1263.0,11.181505344418403
1264,1264.0,11.181505344418403
1265,1265.0,11.181505344418403
1266,1266.0,11.181505344418403
1267,1267.0,11.181505344418403
1268,1268.0,11.181505344418403
1269,1269.0,11.181505344418403
1270,1270.0,11.181505344418403
1271,1271.0,11.181505344418403
1272,1272.0,11.181505344418403
1273,1273.0,11.181505344418403
1274,1274.0,11.181505344418403
1275,1275.0,11.181505344418403
1276,1276.0,11.181505344418403
1277,1277.0,11.181505344418403
1278,1278.0,11.181505344418403
1279,1279.0,11.181505344418403
1280,1280.0,11.181505344418403
1281,1281.0,11.181505344418403
1282,1282.0,11.181505344418403
1283,1283.0,11.181505344418403
1284,1284.0,11.181505344418403
1285,1285.0,11.181505344418403
1286,1286.0,11.181505344418403
1287,1287.0,11.181505344418403
1288,1288.0,11.181505344418403
1289,1289.0,11.181505344418403
1290,1290.0,11.181505344418403
1291,1291.0,11.181505344418403
1292,1292.0,11.181505344418403
1293,1293.0,11.181505344418403
1294,1294.0,11.181505344418403
1295,1295.0,11.181505344418403
1296,1296.0,11.181505344418403
1297,1297.0,11.181505344418403
1298,1298.0,11.181505344418403
1299,1299.0,11.181505344418403
1300,1300.0,11.181505344418403
1301,1301.0,11.181505344418403
1302,1302.0,11.181505344418403
1303,1303.0,11.181505344418403
1304,1304.0,11.181505344418403
1305,1305.0,11.181505344418403
1306,1306.0,11.181505344418403
1307,1307.0,11.181505344418403
1308,1308.0,11.181505344418403
1309,1309.0,11.181505344418403
1310,1310.0,11.181505344418403
1311,1311.0,11.181505344418403
1312,1312.0,11.181505344418403
1313,1313.0,11.181505344418403
1314,1314.0,11.181505344418403
1315,1315.0,11.181505344418403
1316,1316.0,11.181505344418403
1317,1317.0,11.181505344418403
1318,1318.0,11.181505344418403
1319,1319.0,11.181505344418403
1320,1320.0,11.181505344418403
1321,1321.0,11.181505344418403
1322,1322.0,11.181505344418403
1323,1323.0,11.181505344418403
1324,1324.0,11.181505344418403
1325,1325.0,11.181505344418403
1326,1326.0,11.181505344418403
1327,1327.0,11.181505344418403
1328,1328.0,11.181505344418403
1329,1329.0,11.181505344418403
1330,1330.0,11.181505344418403
1331,1331.0,11.181505344418403
1332,1332.0,11.181505344418403
1333,1333.0,11.181505344418403
1334,1334.0,11.181505344418403
1335,1335.0,11.181505344418403
1336,1336.0,11.181505344418403
1337,1337.0,11.181505344418403
1338,1338.0,11.181505344418403
1339,1339.0,11.181505344418403
1340,1340.0,11.181505344418403
1341,1341.0,11.181505344418403
1342,1342.0,11.181505344418403
1343,1343.0,11.181505344418403
1344,1344.0,11.181505344418403
1345,1345.0,11.181505344418403
1346,1346.0,11.181505344418403
1347,1347.0,11.181505344418403
1348,1348.0,11.181505344418403
1349,1349.0,11.181505344418403
1350,1350.0,11.181505344418403
1351,1351.0,11.181505344418403
1352,1352.0,11.181505344418403
1353,1353.0,11.181505344418403
1354,1354.0,11.181505344418403
1355,1355.0,11.181505344418403
1356,1356.0,11.181505344418403
1357,1357.0,11.181505344418403
1358,1358.0,11.181505344418403
1359,1359.0,11.181505344418403
1360,1360.0,11.181505344418403
1361,1361.0,11.181505344418403
1362,1362.0,11.181505344418403
1363,1363.0,11.181505344418403
1364,1364.0,11.181505344418403
1365,1365.0,11.181505344418403
1366,1366.0,11.181505344418403
1367,1367.0,11.181505344418403
1368,1368.0,11.181505344418403
1369,1369.0,11.181505344418403
1370,1370.0,11.181505344418403
1371,1371.0,11.181505344418403
1372,1372.0,11.181505344418403
1373,1373.0,11.181505344418403
1374,1374.0,11.181505344418403
1375,1375.0,11.181505344418403
1376,1376.0,11.181505344418403
1377,1377.0,11.181505344418403
1378,1378.0,11.181505344418403
1379,1379.0,11.181505344418403
1380,1380.0,11.181505344418403
1381,1381.0,11.181505344418403
1382,1382.0,11.181505344418403
1383,1383.0,11.181505344418403
1384,1384.0,11.181505344418403
1385,1385.0,11.181505344418403
1386,1386.0,11.181505344418403
1387,1387.0,11.181505344418403
1388,1388.0,11.181505344418403
1389,1389.0,11.181505344418403
1390,1390.0,11.181505344418403
1391,1391.0,11.181505344418403
1392,1392.0,11.181505344418403
1393,1393.0,11.181505344418403
1394,1394.0,11.181505344418403
1395,1395.0,11.181505344418403
1396,1396.0,11.181505344418403
1397,1397.0,11.181505344418403
1398,1398.0,11.181505344418403
1399,1399.0,11.181505344418403
1400,1400.0,11.181505344418403
1401,1401.0,11.181505344418403
1402,1402.0,11.181505344418403
1403,1403.0,11.181505344418403
1404,1404.0,11.181505344418403
1405,1405.0,11.181505344418403
1406,1406.0,11.181505344418403
1407,1407.0,11.181505344418403
1408,1408.0,11.181505344418403
1409,1409.0,11.181505344418403
1410,1410.0,11.181505344418403
1411,1411.0,11.181505344418403
1412,1412.0,11.181505344418403
1413,1413.0,11.181505344418403
1414,1414.0,11.181505344418403
1415,1415.0,11.181505344418403
1416,1416.0,11.181505344418403
1417,1417.0,11.181505344418403
1418,1418.0,11.181505344418403
1419,1419.0,11.181505344418403
1420,1420.0,11.181505344418403
1421,1421.0,11.181505344418403
1422,1422.0,11.181505344418403
1423,1423.0,11.181505344418403
1424,1424.0,11.181505344418403
1425,1425.0,11.181505344418403
1426,1426.0,11.181505344418403
1427,1427.0,11.181505344418403
1428,1428.0,11.181505344418403
1429,1429.0,11.181505344418403
1430,1430.0,11.181505344418403
1431,1431.0,11.181505344418403
1432,1432.0,11.181505344418403
1433,1433.0,11.181505344418403
1434,1434.0,11.181505344418403
1435,1435.0,11.181505344418403
1436,1436.0,11.181505344418403
1437,1437.0,11.181505344418403
1438,1438.0,11.181505344418403
1439,1439.0,11.181505344418403
1440,1440.0,11.181505344418403
1441,1441.0,11.181505344418403
1442,1442.0,11.181505344418403
1443,1443.0,11.181505344418403
1444,1444.0,11.181505344418403
1445,1445.0,11.181505344418403
1446,1446.0,11.181505344418403
1447,1447.0,11.181505344418403
1448,1448.0,11.181505344418403
1449,1449.0,11.181505344418403
1450,1450.0,11.181505344418403
1451,1451.0,11.181505344418403
1452,1452.0,11.181505344418403
1453,1453.0,11.181505344418403
1454,1454.0,11.181505344418403
1455,1455.0,11.181505344418403
1456,1456.0,11.181505344418403
1457,1457.0,11.181505344418403
1458,1458.0,11.181505344418403
1459,1459.0,11.181505344418403
1460,1460.0,11.181505344418403
1461,1461.0,11.181505344418403
1462,1462.0,11.181505344418403
1463,1463.0,11.181505344418403
1464,1464.0,11.181505344418403
1465,1465.0,11.181505344418403
1466,1466.0,11.181505344418403
1467,1467.0,11.181505344418403
1468,1468.0,11.181505344418403
1469,1469.0,11.181505344418403
1470,1470.0,11.181505344418403
1471,1471.0,11.181505344418403
1472,1472.0,11.181505344418403
1473,1473.0,11.181505344418403
1474,1474.0,11.181505344418403
1475,1475.0,11.181505344418403
1476,1476.0,11.181505344418403
1477,1477.0,11.181505344418403
1478,1478.0,11.181505344418403
1479,1479.0,11.181505344418403
1480,1480.0,11.181505344418403
1481,1481.0,11.181505344418403
1482,1482.0,11.181505344418403
1483,1483.0,11.181505344418403
1484,1484.0,11.181505344418403
1485,1485.0,11.181505344418403
1486,1486.0,11.181505344418403
1487,1487.0,11.181505344418403
1488,1488.0,11.181505344418403
1489,1489.0,11.181505344418403
1490,1490.0,11.181505344418403
1491,1491.0,11.181505344418403
1492,1492.0,11.181505344418403
1493,1493.0,11.181505344418403
1494,1494.0,11.181505344418403
1495,1495.0,11.181505344418403
1496,1496.0,11.181505344418403
1497,1497.0,11.181505344418403
1498,1498.0,11.181505344418403
1499,1499.0,11.181505344418403
1500,1500.0,11.181505344418403
1501,1501.0,11.181505344418403
1502,1502.0,11.181505344418403
1503,1503.0,11.181505344418403
1504,1504.0,11.181505344418403
1505,1505.0,11.181505344418403
1506,1506.0,11.181505344418403
1507,1507.0,11.181505344418403
1508,1508.0,11.181505344418403
1509,1509.0,11.181505344418403
1510,1510.0,11.181505344418403
1511,1511.0,11.181505344418403
1512,1512.0,11.181505344418403
1513,1513.0,11.181505344418403
1514,1514.0,11.181505344418403
1515,1515.0,11.181505344418403
1516,1516.0,11.181505344418403
1517,1517.0,11.181505344418403
1518,1518.0,11.181505344418403
1519,1519.0,11.181505344418403
1520,1520.0,11.181505344418403
1521,1521.0,11.181505344418403
1522,1522.0,11.181505344418403
1523,1523.0,11.181505344418403
1524,1524.0,11.181505344418403
1525,1525.0,11.181505344418403
1526,1526.0,11.181505344418403
1527,1527.0,11.181505344418403
1528,1528.0,11.181505344418403
1529,1529.0,11.181505344418403
1530,1530.0,11.181505344418403
1531,1531.0,11.181505344418403
1532,1532.0,11.181505344418403
1533,1533.0,11.181505344418403
1534,1534.0,11.181505344418403
1535,1535.0,11.181505344418403
1536,1536.0,11.181505344418403
1537,1537.0,11.181505344418403
1538,1538.0,11.181505344418403
1539,1539.0,11.181505344418403
1540,1540.0,11.181505344418403
1541,1541.0,11.181505344418403
1542,1542.0,11.181505344418403
1543,1543.0,11.181505344418403
1544,1544.0,11.181505344418403
1545,1545.0,11.181505344418403
1546,1546.0,11.181505344418403
1547,1547.0,11.181505344418403
1548,1548.0,11.181505344418403
1549,1549.0,11.181505344418403
1550,1550.0,11.181505344418403
1551,1551.0,11.181505344418403
1552,1552.0,11.181505344418403
1553,1553.0,11.181505344418403
1554,1554.0,11.181505344418403
1555,1555.0,11.181505344418403
1556,1556.0,11.181505344418403
1557,1557.0,11.181505344418403
1558,1558.0,11.181505344418403
1559,1559.0,11.181505344418403
1560,1560.0,11.181505344418403
1561,1561.0,11.181505344418403
1562,1562.0,11.181505344418403
1563,1563.0,11.181505344418403
1564,1564.0,11.181505344418403
1565,1565.0,11.181505344418403
1566,1566.0,11.181505344418403
1567,1567.0,11.181505344418403
1568,1568.0,11.181505344418403
1569,1569.0,11.181505344418403
1570,1570.0,11.181505344418403
1571,1571.0,11.181505344418403
1572,1572.0,11.181505344418403
1573,1573.0,11.181505344418403
1574,1574.0,11.181505344418403
1575,1575.0,11.181505344418403
1576,1576.0,11.181505344418403
1577,1577.0,11.181505344418403
1578,1578.0,11.181505344418403
1579,1579.0,11.181505344418403
1580,1580.0,11.181505344418403
1581,1581.0,11.181505344418403
1582,1582.0,11.181505344418403
1583,1583.0,11.181505344418403
1584,1584.0,11.181505344418403
1585,1585.0,11.181505344418403
1586,1586.0,11.181505344418403
1587,1587.0,11.181505344418403
1588,1588.0,11.181505344418403
1589,1589.0,11.181505344418403
1590,1590.0,11.181505344418403
1591,1591.0,11.181505344418403
1592,1592.0,11.181505344418403
1593,1593.0,11.181505344418403
1594,1594.0,11.181505344418403
1595,1595.0,11.181505344418403
1596,1596.0,11.181505344418403
1597,1597.0,11.181505344418403
1598,1598.0,11.181505344418403
1599,1599.0,11.181505344418403
1600,1600.0,11.181505344418403
1601,1601.0,11.181505344418403
1602,1602.0,11.181505344418403
1603,1603.0,11.181505344418403
1604,1604.0,11.181505344418403
1605,1605.0,11.181505344418403
1606,1606.0,11.181505344418403
1607,1607.0,11.181505344418403
1608,1608.0,11.181505344418403
1609,1609.0,11.181505344418403
1610,1610.0,11.181505344418403
1611,1611.0,11.181505344418403
1612,1612.0,11.181505344418403
1613,1613.0,11.181505344418403
1614,1614.0,11.181505344418403
1615,1615.0,11.181505344418403
1616,1616.0,11.181505344418403
1617,1617.0,11.181505344418403
1618,1618.0,11.181505344418403
1619,1619.0,11.181505344418403
1620,1620.0,11.181505344418403
1621,1621.0,11.181505344418403
1622,1622.0,11.181505344418403
1623,1623.0,11.181505344418403
1624,1624.0,11.181505344418403
1625,1625.0,11.181505344418403
1626,1626.0,11.181505344418403
1627,1627.0,11.181505344418403
1628,1628.0,11.181505344418403
1629,1629.0,11.181505344418403
1630,1630.0,11.181505344418403
1631,1631.0,11.181505344418403
1632,1632.0,11.181505344418403
1633,1633.0,11.181505344418403
1634,1634.0,11.181505344418403
1635,1635.0,11.181505344418403
1636,1636.0,11.181505344418403
1637,1637.0,11.181505344418403
1638,1638.0,11.181505344418403
1639,1639.0,11.181505344418403
1640,1640.0,11.181505344418403
1641,1641.0,11.181505344418403
1642,1642.0,11.181505344418403
1643,1643.0,11.181505344418403
1644,1644.0,11.181505344418403
1645,1645.0,11.181505344418403
1646,1646.0,11.181505344418403
1647,1647.0,11.181505344418403
1648,1648.0,11.181505344418403
1649,1649.0,11.181505344418403
1650,1650.0,11.181505344418403
1651,1651.0,11.181505344418403
1652,1652.0,11.181505344418403
1653,1653.0,11.181505344418403
1654,1654.0,11.181505344418403
1655,1655.0,11.181505344418403
1656,1656.0,11.181505344418403
1657,1657.0,11.181505344418403
1658,1658.0,11.181505344418403
1659,1659.0,11.181505344418403
1660,1660.0,11.181505344418403
1661,1661.0,11.181505344418403
1662,1662.0,11.181505344418403
1663,1663.0,11.181505344418403
1664,1664.0,11.181505344418403
1665,1665.0,11.181505344418403
1666,1666.0,11.181505344418403
1667,1667.0,11.181505344418403
1668,1668.0,11.181505344418403
1669,1669.0,11.181505344418403
1670,1670.0,11.181505344418403
1671,1671.0,11.181505344418403
1672,1672.0,11.181505344418403
1673,1673.0,11.181505344418403
1674,1674.0,11.181505344418403
1675,1675.0,11.181505344418403
1676,1676.0,11.181505344418403
1677,1677.0,11.181505344418403
1678,1678.0,11.181505344418403
1679,1679.0,11.181505344418403
1680,1680.0,11.181505344418403
1681,1681.0,11.181505344418403
1682,1682.0,11.181505344418403
1683,1683.0,11.181505344418403
1684,1684.0,11.181505344418403
1685,1685.0,11.181505344418403
1686,1686.0,11.181505344418403
1687,1687.0,11.181505344418403
1688,1688.0,11.181505344418403
1689,1689.0,11.181505344418403
1690,1690.0,11.181505344418403
1691,1691.0,11.181505344418403
1692,1692.0,11.181505344418403
1693,1693.0,11.181505344418403
1694,1694.0,11.181505344418403
1695,1695.0,11.181505344418403
1696,1696.0,11.181505344418403
1697,1697.0,11.181505344418403
1698,1698.0,11.181505344418403
1699,1699.0,11.181505344418403
1700,1700.0,11.181505344418403
1701,1701.0,11.181505344418403
1702,1702.0,11.181505344418403
1703,1703.0,11.181505344418403
1704,1704.0,11.181505344418403
1705,1705.0,11.181505344418403
1706,1706.0,11.181505344418403
1707,1707.0,11.181505344418403
1708,1708.0,11.181505344418403
1709,1709.0,11.181505344418403
1710,1710.0,11.181505344418403
1711,1711.0,11.181505344418403
1712,1712.0,11.181505344418403
1713,1713.0,11.181505344418403
1714,1714.0,11.181505344418403
1715,1715.0,11.181505344418403
1716,1716.0,11.181505344418403
1717,1717.0,11.181505344418403
1718,1718.0,11.181505344418403
1719,1719.0,11.181505344418403
1720,1720.0,11.181505344418403
1721,1721.0,11.181505344418403
1722,1722.0,11.181505344418403
1723,1723.0,11.181505344418403
1724,1724.0,11.181505344418403
1725,1725.0,11.181505344418403
1726,1726.0,11.181505344418403
1727,1727.0,11.181505344418403
1728,1728.0,11.181505344418403
1729,1729.0,11.181505344418403
1730,1730.0,11.181505344418403
1731,1731.0,11.181505344418403
1732,1732.0,11.181505344418403
1733,1733.0,11.181505344418403
1734,1734.0,11.181505344418403
1735,1735.0,11.181505344418403
1736,1736.0,11.181505344418403
1737,1737.0,11.181505344418403
1738,1738.0,11.181505344418403
1739,1739.0,11.181505344418403
1740,1740.0,11.181505344418403
1741,1741.0,11.181505344418403
1742,1742.0,11.181505344418403
1743,1743.0,11.181505344418403
1744,1744.0,11.181505344418403
1745,1745.0,11.181505344418403
1746,1746.0,11.181505344418403
1747,1747.0,11.181505344418403
1748,1748.0,11.181505344418403
1749,1749.0,11.181505344418403
1750,1750.0,11.181505344418403
1751,1751.0,11.181505344418403
1752,1752.0,11.181505344418403
1753,1753.0,11.181505344418403
1754,1754.0,11.181505344418403
1755,1755.0,11.181505344418403
1756,1756.0,11.181505344418403
1757,1757.0,11.181505344418403
1758,1758.0,11.181505344418403
1759,1759.0,11.181505344418403
1760,1760.0,11.181505344418403
1761,1761.0,11.181505344418403
1762,1762.0,11.181505344418403
1763,1763.0,11.181505344418403
1764,1764.0,11.181505344418403
1765,1765.0,11.181505344418403
1766,1766.0,11.181505344418403
1767,1767.0,11.181505344418403
1768,1768.0,11.181505344418403
1769,1769.0,11.181505344418403
1770,1770.0,11.181505344418403
1771,1771.0,11.181505344418403
1772,1772.0,11.181505344418403
1773,1773.0,11.181505344418403
1774,1774.0,11.181505344418403
1775,1775.0,11.181505344418403
1776,1776.0,11.181505344418403
1777,1777.0,11.181505344418403
1778,1778.0,11.181505344418403
1779,1779.0,11.181505344418403
1780,1780.0,11.181505344418403
1781,1781.0,11.181505344418403
1782,1782.0,11.181505344418403
1783,1783.0,11.181505344418403
1784,1784.0,11.181505344418403
1785,1785.0,11.181505344418403
1786,1786.0,11.181505344418403
1787,1787.0,11.181505344418403
1788,1788.0,11.181505344418403
1789,1789.0,11.181505344418403
1790,1790.0,11.181505344418403
1791,1791.0,11.181505344418403
1792,1792.0,11.181505344418403
1793,1793.0,11.181505344418403
1794,1794.0,11.181505344418403
1795,1795.0,11.181505344418403
1796,1796.0,11.181505344418403
1797,1797.0,11.181505344418403
1798,1798.0,11.181505344418403
1799,1799.0,11.181505344418403
1800,1800.0,11.181505344418403
1801,1801.0,11.181505344418403
1802,1802.0,11.181505344418403
1803,1803.0,11.181505344418403
1804,1804.0,11.181505344418403
1805,1805.0,11.181505344418403
1806,1806.0,11.181505344418403
1807,1807.0,11.181505344418403
1808,1808.0,11.181505344418403
1809,1809.0,11.181505344418403
1810,1810.0,11.181505344418403
1811,1811.0,11.181505344418403
1812,1812.0,11.181505344418403
1813,1813.0,11.181505344418403
1814,1814.0,11.181505344418403
1815,1815.0,11.181505344418403
1816,1816.0,11.181505344418403
1817,1817.0,11.181505344418403
1818,1818.0,11.181505344418403
1819,1819.0,11.181505344418403
1820,1820.0,11.181505344418403
1821,1821.0,11.181505344418403
1822,1822.0,11.181505344418403
1823,1823.0,11.181505344418403
1824,1824.0,11.181505344418403
1825,1825.0,11.181505344418403
1826,1826.0,11.181505344418403
1827,1827.0,11.181505344418403
1828,1828.0,11.181505344418403
1829,1829.0,11.181505344418403
1830,1830.0,11.181505344418403
1831,1831.0,11.181505344418403
1832,1832.0,11.181505344418403
1833,1833.0,11.181505344418403
1834,1834.0,11.181505344418403
1835,1835.0,11.181505344418403
1836,1836.0,11.181505344418403
1837,1837.0,11.181505344418403
1838,1838.0,11.181505344418403
1839,1839.0,11.181505344418403
1840,1840.0,11.181505344418403
1841,1841.0,11.181505344418403
1842,1842.0,11.181505344418403
1843,1843.0,11.181505344418403
1844,1844.0,11.181505344418403
1845,1845.0,11.181505344418403
1846,1846.0,11.181505344418403
1847,1847.0,11.181505344418403
1848,1848.0,11.181505344418403
1849,1849.0,11.181505344418403
1850,1850.0,11.181505344418403
1851,1851.0,11.181505344418403
1852,1852.0,11.181505344418403
1853,1853.0,11.181505344418403
1854,1854.0,11.181505344418403
1855,1855.0,11.181505344418403
1856,1856.0,11.181505344418403
1857,1857.0,11.181505344418403
1858,1858.0,11.181505344418403
1859,1859.0,11.181505344418403
1860,1860.0,11.181505344418403
1861,1861.0,11.181505344418403
1862,1862.0,11.181505344418403
1863,1863.0,11.181505344418403
1864,1864.0,11.181505344418403
1865,1865.0,11.181505344418403
1866,1866.0,11.181505344418403
1867,1867.0,11.181505344418403
1868,1868.0,11.181505344418403
1869,1869.0,11.181505344418403
1870,1870.0,11.181505344418403
1871,1871.0,11.181505344418403
1872,1872.0,11.181505344418403
1873,1873.0,11.181505344418403
1874,1874.0,11.181505344418403
1875,1875.0,11.181505344418403
1876,1876.0,11.181505344418403
1877,1877.0,11.181505344418403
1878,1878.0,11.181505344418403
1879,1879.0,11.181505344418403
1880,1880.0,11.181505344418403
1881,1881.0,11.181505344418403
1882,1882.0,11.181505344418403
1883,1883.0,11.181505344418403
1884,1884.0,11.181505344418403
1885,1885.0,11.181505344418403
1886,1886.0,11.181505344418403
1887,1887.0,11.181505344418403
1888,1888.0,11.181505344418403
1889,1889.0,11.181505344418403
1890,1890.0,11.181505344418403
1891,1891.0,11.181505344418403
1892,1892.0,11.181505344418403
1893,1893.0,11.181505344418403
1894,1894.0,11.181505344418403
1895,1895.0,11.181505344418403
1896,1896.0,11.181505344418403
1897,1897.0,11.181505344418403
1898,1898.0,11.181505344418403
1899,1899.0,11.181505344418403
1900,1900.0,11.181505344418403
1901,1901.0,11.181505344418403
1902,1902.0,11.181505344418403
1903,1903.0,11.181505344418403
1904,1904.0,11.181505344418403
1905,1905.0,11.181505344418403
1906,1906.0,11.181505344418403
1907,1907.0,11.181505344418403
1908,1908.0,11.181505344418403
1909,1909.0,11.181505344418403
1910,1910.0,11.181505344418403
1911,1911.0,11.181505344418403
1912,1912.0,11.181505344418403
1913,1913.0,11.181505344418403
1914,1914.0,11.181505344418403
1915,1915.0,11.181505344418403
1916,1916.0,11.181505344418403
1917,1917.0,11.181505344418403
1918,1918.0,11.181505344418403
1919,1919.0,11.181505344418403
1920,1920.0,11.181505344418403
1921,1921.0,11.181505344418403
1922,1922.0,11.181505344418403
1923,1923.0,11.181505344418403
1924,1924.0,11.181505344418403
1925,1925.0,11.181505344418403
1926,1926.0,11.181505344418403
1927,1927.0,11.181505344418403
1928,1928.0,11.181505344418403
1929,1929.0,11.181505344418403
1930,1930.0,11.181505344418403
1931,1931.0,11.181505344418403
1932,1932.0,11.181505344418403
1933,1933.0,11.181505344418403
1934,1934.0,11.181505344418403
1935,1935.0,11.181505344418403
1936,1936.0,11.181505344418403
1937,1937.0,11.181505344418403
1938,1938.0,11.181505344418403
1939,1939.0,11.181505344418403
1940,1940.0,11.181505344418403
1941,1941.0,11.181505344418403
1942,1942.0,11.181505344418403
1943,1943.0,11.181505344418403
1944,1944.0,11.181505344418403
1945,1945.0,11.181505344418403
1946,1946.0,11.181505344418403
1947,1947.0,11.181505344418403
1948,1948.0,11.181505344418403
1949,1949.0,11.181505344418403
1950,1950.0,11.181505344418403
1951,1951.0,11.181505344418403
1952,1952.0,11.181505344418403
1953,1953.0,11.181505344418403
1954,1954.0,11.181505344418403
1955,1955.0,11.181505344418403
1956,1956.0,11.181505344418403
1957,1957.0,11.181505344418403
1958,1958.0,11.181505344418403
1959,1959.0,11.181505344418403
1960,1960.0,11.181505344418403
1961,1961.0,11.181505344418403
1962,1962.0,11.181505344418403
1963,1963.0,11.181505344418403
1964,1964.0,11.181505344418403
1965,1965.0,11.181505344418403
1966,1966.0,11.181505344418403
1967,1967.0,11.181505344418403
1968,1968.0,11.181505344418403
1969,1969.0,11.181505344418403
1970,1970.0,11.181505344418403
1971,1971.0,11.181505344418403
1972,1972.0,11.181505344418403
1973,1973.0,11.181505344418403
1974,1974.0,11.181505344418403
1975,1975.0,11.181505344418403
1976,1976.0,11.181505344418403
1977,1977.0,11.181505344418403
1978,1978.0,11.181505344418403
1979,1979.0,11.181505344418403
1980,1980.0,11.181505344418403
1981,1981.0,11.181505344418403
1982,1982.0,11.181505344418403
1983,1983.0,11.181505344418403
1984,1984.0,11.181505344418403
1985,1985.0,11.181505344418403
1986,1986.0,11.181505344418403
1987,1987.0,11.181505344418403
1988,1988.0,11.181505344418403
1989,1989.0,11.181505344418403
1990,1990.0,11.181505344418403
1991,1991.0,11.181505344418403
1992,1992.0,11.181505344418403
1993,1993.0,11.181505344418403
1994,1994.0,11.181505344418403
1995,1995.0,11.181505344418403
1996,1996.0,11.181505344418403
1997,1997.0,11.181505344418403
1998,1998.0,11.181505344418403
1999,1999.0,11.181505344418403
2000,2000.0,11.181505344423403
2001,2001.0,11.18172051957352
2002,2002.0,11.181720519578516
2003,2003.0,11.181935484389106
2004,2004.0,11.182150333108334
2005,2005.0,11.182365079907617
2006,2006.0,11.182579718927533
2007,2007.0,11.182794248857217
2008,2008.0,11.183008678346468
2009,2009.0,11.18322299235185
2010,2010.0,11.1834372046669
2011,2011.0,11.1834372046669
2012,2012.0,11.1834372046669
2013,2013.0,11.1834372046669
2014,2014.0,11.1834372046669
2015,2015.0,11.1834372046669
2016,2016.0,11.1834372046669
2017,2017.0,11.1834372046669
2018,2018.0,11.1834372046669
2019,2019.0,11.1834372046669
2020,2020.0,11.18343720467185
2021,2021.0,11.18365025457906
2022,2022.0,11.183650254584006
2023,2023.0,11.18386308993067
2024,2024.0,11.18407581999127
2025,2025.0,11.18428844126631
2026,2026.0,11.184500963256554
2027,2027.0,11.184713378612702
2028,2028.0,11.184925687078383
2029,2029.0,11.185137896480304
2030,2030.0,11.18534999286901
2031,2031.0,11.185561989407097
2032,2032.0,11.185561989412017
2033,2033.0,11.185773773487668
2034,2034.0,11.185985458742016
2035,2035.0,11.18619703931405
2036,2036.0,11.186408512161906
2037,2037.0,11.186619886155002
2038,2038.0,11.186831154912905
2039,2039.0,11.187042317678731
2040,2040.0,11.18725338210067
2041,2041.0,11.187464337099746
2042,2042.0,11.187464337104643
2043,2043.0,11.187675091810856
2044,2044.0,11.187885734862164
2045,2045.0,11.188096279584927
2046,2046.0,11.188306722992326
2047,2047.0,11.188517057341382
2048,2048.0,11.188727293721895
2049,2049.0,11.188937427966279
2050,2050.0,11.189147455440937
2051,2051.0,11.189357384378464
2052,2052.0,11.189357384383337
2053,2053.0,11.189567105006347
2054,2054.0,11.189776727315353
2055,2055.0,11.189986247580196
2056,2056.0,11.19019566214731
2057,2057.0,11.190404978635131
2058,2058.0,11.190614193470855
2059,2059.0,11.190823302807043
2060,2060.0,11.191032314293713
2061,2061.0,11.191241224651087
2062,2062.0,11.191241224655936
2063,2063.0,11.191449931963037
2064,2064.0,11.191658539557848
2065,2065.0,11.1918670400586
2066,2066.0,11.192075444008388
2067,2067.0,11.192283750631377
2068,2068.0,11.192491949320823
2069,2069.0,11.192700049900774
2070,2070.0,11.192908054230129
2071,2071.0,11.193115953861797
2072,2072.0,11.193115953866624
2073,2073.0,11.19332365579109
2074,2074.0,11.193531258122539
2075,2075.0,11.193738755314383
2076,2076.0,11.193946156670679
2077,2077.0,11.194153458053739
2078,2078.0,11.194360655328678
2079,2079.0,11.194567756009599
2080,2080.0,11.194774759351166
2081,2081.0,11.194981656591247
2082,2082.0,11.19498165659605
2083,2083.0,11.195188362149842
